7,V_mo
7,V_mo
7,V_mo
7,V_mo
6,V_mo
7,V_mo
5,V_mo
7,V_mo
7,V_mo
5,V_mo
7,V_mo
4,V_mo
6,V_mo
6,V_mo
7,V_mo
7,V_mo
6,V_mo
7,V_gr
7,V_gr
7,V_gr
7,V_gr
5,V_gr
7,V_gr
7,V_gr
7,V_gr
5,V_gr
5,V_gr
4,V_gr
3,V_gr
6,V_gr
4,V_gr
7,V_gr
7,V_gr
3,V_gr
7,V_gs
7,V_gs
7,V_gs
6,V_gs
6,V_gs
7,V_gs
7,V_gs
7,V_gs
6,V_gs
6,V_gs
4,V_gs
4,V_gs
5,V_gs
5,V_gs
7,V_gs
7,V_gs
4,V_gs
7,V_br
4,V_br
5,V_br
4,V_br
4,V_br
7,V_br
4,V_br
3,V_br
1,V_br
3,V_br
7,V_br
4,V_br
5,V_br
6,V_br
7,V_br
4,V_br
4,V_br
7,V_hp
7,V_hp
6,V_hp
7,V_hp
5,V_hp
7,V_hp
5,V_hp
6,V_hp
7,V_hp
4,V_hp
7,V_hp
4,V_hp
6,V_hp
6,V_hp
7,V_hp
6,V_hp
5,V_hp
6,V_hy
7,V_hy
4,V_hy
7,V_hy
6,V_hy
7,V_hy
5,V_hy
6,V_hy
6,V_hy
4,V_hy
7,V_hy
4,V_hy
5,V_hy
6,V_hy
7,V_hy
5,V_hy
5,V_hy
6,V_hr
7,V_hr
5,V_hr
6,V_hr
5,V_hr
7,V_hr
5,V_hr
6,V_hr
5,V_hr
4,V_hr
7,V_hr
4,V_hr
5,V_hr
4,V_hr
7,V_hr
5,V_hr
4,V_hr